﻿<?xml version="1.0"?>
<doc>
<assembly>
<name>
Milicon
</name>
</assembly>
<members>
<member name="T:MiliconSpace.My.Resources.Resources">
<summary>
  一个强类型的资源类，用于查找本地化的字符串等。
</summary>
</member>
<member name="P:MiliconSpace.My.Resources.Resources.ResourceManager">
<summary>
  返回此类使用的缓存的 ResourceManager 实例。
</summary>
</member>
<member name="P:MiliconSpace.My.Resources.Resources.Culture">
<summary>
  使用此强类型资源类，为所有资源查找
  重写当前线程的 CurrentUICulture 属性。
</summary>
</member>
<member name="T:MiliconSpace.ObjectList_DataSet">
<summary>
Represents a strongly typed in-memory cache of data.
</summary>
</member>
<member name="T:MiliconSpace.ObjectList_DataSet.Object_ListDataTable">
<summary>
Represents the strongly named DataTable class.
</summary>
</member>
<member name="T:MiliconSpace.ObjectList_DataSet.Object_ListRow">
<summary>
Represents strongly named DataRow class.
</summary>
</member>
<member name="T:MiliconSpace.ObjectList_DataSet.Object_ListRowChangeEvent">
<summary>
Row event argument class
</summary>
</member>
<member name="T:MiliconSpace.ObjectList_DataSetTableAdapters.Object_ListTableAdapter">
<summary>
Represents the connection and commands used to retrieve and save data.
</summary>
</member>
<member name="T:MiliconSpace.ObjectList_DataSetTableAdapters.TableAdapterManager">
<summary>
TableAdapterManager is used to coordinate TableAdapters in the dataset to enable Hierarchical Update scenarios
</summary>
</member>
<member name="M:MiliconSpace.ObjectList_DataSetTableAdapters.TableAdapterManager.UpdateUpdatedRows(MiliconSpace.ObjectList_DataSet,System.Collections.Generic.List{System.Data.DataRow},System.Collections.Generic.List{System.Data.DataRow})">
<summary>
Update rows in top-down order.
</summary>
</member>
<member name="M:MiliconSpace.ObjectList_DataSetTableAdapters.TableAdapterManager.UpdateInsertedRows(MiliconSpace.ObjectList_DataSet,System.Collections.Generic.List{System.Data.DataRow})">
<summary>
Insert rows in top-down order.
</summary>
</member>
<member name="M:MiliconSpace.ObjectList_DataSetTableAdapters.TableAdapterManager.UpdateDeletedRows(MiliconSpace.ObjectList_DataSet,System.Collections.Generic.List{System.Data.DataRow})">
<summary>
Delete rows in bottom-up order.
</summary>
</member>
<member name="M:MiliconSpace.ObjectList_DataSetTableAdapters.TableAdapterManager.GetRealUpdatedRows(System.Data.DataRow[],System.Collections.Generic.List{System.Data.DataRow})">
<summary>
Remove inserted rows that become updated rows after calling TableAdapter.Update(inserted rows) first
</summary>
</member>
<member name="M:MiliconSpace.ObjectList_DataSetTableAdapters.TableAdapterManager.UpdateAll(MiliconSpace.ObjectList_DataSet)">
<summary>
Update all changes to the dataset.
</summary>
</member>
<member name="T:MiliconSpace.ObjectList_DataSetTableAdapters.TableAdapterManager.UpdateOrderOption">
<summary>
Update Order Option
</summary>
</member>
<member name="T:MiliconSpace.ObjectList_DataSetTableAdapters.TableAdapterManager.SelfReferenceComparer">
<summary>
Used to sort self-referenced table's rows
</summary>
</member>
<member name="T:MiliconSpace.ObjectType_List_DataSet">
<summary>
Represents a strongly typed in-memory cache of data.
</summary>
</member>
<member name="T:MiliconSpace.ObjectType_List_DataSet.ObjectType_ListDataTable">
<summary>
Represents the strongly named DataTable class.
</summary>
</member>
<member name="T:MiliconSpace.ObjectType_List_DataSet.ObjectType_ListRow">
<summary>
Represents strongly named DataRow class.
</summary>
</member>
<member name="T:MiliconSpace.ObjectType_List_DataSet.ObjectType_ListRowChangeEvent">
<summary>
Row event argument class
</summary>
</member>
<member name="T:MiliconSpace.ObjectType_List_DataSetTableAdapters.ObjectType_ListTableAdapter">
<summary>
Represents the connection and commands used to retrieve and save data.
</summary>
</member>
<member name="T:MiliconSpace.ObjectType_List_DataSetTableAdapters.TableAdapterManager">
<summary>
TableAdapterManager is used to coordinate TableAdapters in the dataset to enable Hierarchical Update scenarios
</summary>
</member>
<member name="M:MiliconSpace.ObjectType_List_DataSetTableAdapters.TableAdapterManager.UpdateUpdatedRows(MiliconSpace.ObjectType_List_DataSet,System.Collections.Generic.List{System.Data.DataRow},System.Collections.Generic.List{System.Data.DataRow})">
<summary>
Update rows in top-down order.
</summary>
</member>
<member name="M:MiliconSpace.ObjectType_List_DataSetTableAdapters.TableAdapterManager.UpdateInsertedRows(MiliconSpace.ObjectType_List_DataSet,System.Collections.Generic.List{System.Data.DataRow})">
<summary>
Insert rows in top-down order.
</summary>
</member>
<member name="M:MiliconSpace.ObjectType_List_DataSetTableAdapters.TableAdapterManager.UpdateDeletedRows(MiliconSpace.ObjectType_List_DataSet,System.Collections.Generic.List{System.Data.DataRow})">
<summary>
Delete rows in bottom-up order.
</summary>
</member>
<member name="M:MiliconSpace.ObjectType_List_DataSetTableAdapters.TableAdapterManager.GetRealUpdatedRows(System.Data.DataRow[],System.Collections.Generic.List{System.Data.DataRow})">
<summary>
Remove inserted rows that become updated rows after calling TableAdapter.Update(inserted rows) first
</summary>
</member>
<member name="M:MiliconSpace.ObjectType_List_DataSetTableAdapters.TableAdapterManager.UpdateAll(MiliconSpace.ObjectType_List_DataSet)">
<summary>
Update all changes to the dataset.
</summary>
</member>
<member name="T:MiliconSpace.ObjectType_List_DataSetTableAdapters.TableAdapterManager.UpdateOrderOption">
<summary>
Update Order Option
</summary>
</member>
<member name="T:MiliconSpace.ObjectType_List_DataSetTableAdapters.TableAdapterManager.SelfReferenceComparer">
<summary>
Used to sort self-referenced table's rows
</summary>
</member>
<member name="T:MiliconSpace.TestObjectName_DataSet">
<summary>
Represents a strongly typed in-memory cache of data.
</summary>
</member>
<member name="T:MiliconSpace.TestObjectName_DataSet.Obejct_ListDataTable">
<summary>
Represents the strongly named DataTable class.
</summary>
</member>
<member name="T:MiliconSpace.TestObjectName_DataSet.Obejct_ListRow">
<summary>
Represents strongly named DataRow class.
</summary>
</member>
<member name="T:MiliconSpace.TestObjectName_DataSet.Obejct_ListRowChangeEvent">
<summary>
Row event argument class
</summary>
</member>
<member name="T:MiliconSpace.TestObjectName_DataSetTableAdapters.Obejct_ListTableAdapter">
<summary>
Represents the connection and commands used to retrieve and save data.
</summary>
</member>
<member name="T:MiliconSpace.TestObjectName_DataSetTableAdapters.TableAdapterManager">
<summary>
TableAdapterManager is used to coordinate TableAdapters in the dataset to enable Hierarchical Update scenarios
</summary>
</member>
<member name="M:MiliconSpace.TestObjectName_DataSetTableAdapters.TableAdapterManager.UpdateUpdatedRows(MiliconSpace.TestObjectName_DataSet,System.Collections.Generic.List{System.Data.DataRow},System.Collections.Generic.List{System.Data.DataRow})">
<summary>
Update rows in top-down order.
</summary>
</member>
<member name="M:MiliconSpace.TestObjectName_DataSetTableAdapters.TableAdapterManager.UpdateInsertedRows(MiliconSpace.TestObjectName_DataSet,System.Collections.Generic.List{System.Data.DataRow})">
<summary>
Insert rows in top-down order.
</summary>
</member>
<member name="M:MiliconSpace.TestObjectName_DataSetTableAdapters.TableAdapterManager.UpdateDeletedRows(MiliconSpace.TestObjectName_DataSet,System.Collections.Generic.List{System.Data.DataRow})">
<summary>
Delete rows in bottom-up order.
</summary>
</member>
<member name="M:MiliconSpace.TestObjectName_DataSetTableAdapters.TableAdapterManager.GetRealUpdatedRows(System.Data.DataRow[],System.Collections.Generic.List{System.Data.DataRow})">
<summary>
Remove inserted rows that become updated rows after calling TableAdapter.Update(inserted rows) first
</summary>
</member>
<member name="M:MiliconSpace.TestObjectName_DataSetTableAdapters.TableAdapterManager.UpdateAll(MiliconSpace.TestObjectName_DataSet)">
<summary>
Update all changes to the dataset.
</summary>
</member>
<member name="T:MiliconSpace.TestObjectName_DataSetTableAdapters.TableAdapterManager.UpdateOrderOption">
<summary>
Update Order Option
</summary>
</member>
<member name="T:MiliconSpace.TestObjectName_DataSetTableAdapters.TableAdapterManager.SelfReferenceComparer">
<summary>
Used to sort self-referenced table's rows
</summary>
</member>
</members>
</doc>
