﻿<?xml version="1.0"?>
<doc>
<assembly>
<name>
Milicon
</name>
</assembly>
<members>
<member name="T:WindowsApplication1.My.Resources.Resources">
<summary>
  A strongly-typed resource class, for looking up localized strings, etc.
</summary>
</member>
<member name="P:WindowsApplication1.My.Resources.Resources.ResourceManager">
<summary>
  Returns the cached ResourceManager instance used by this class.
</summary>
</member>
<member name="P:WindowsApplication1.My.Resources.Resources.Culture">
<summary>
  Overrides the current thread's CurrentUICulture property for all
  resource lookups using this strongly typed resource class.
</summary>
</member>
<member name="T:WindowsApplication1.MiliconObjectList_DataSet">
<summary>
Represents a strongly typed in-memory cache of data.
</summary>
</member>
<member name="T:WindowsApplication1.MiliconObjectList_DataSet.Obejct_ListDataTable">
<summary>
Represents the strongly named DataTable class.
</summary>
</member>
<member name="T:WindowsApplication1.MiliconObjectList_DataSet.Obejct_ListRow">
<summary>
Represents strongly named DataRow class.
</summary>
</member>
<member name="T:WindowsApplication1.MiliconObjectList_DataSet.Obejct_ListRowChangeEvent">
<summary>
Row event argument class
</summary>
</member>
<member name="T:WindowsApplication1.MiliconObjectList_DataSetTableAdapters.Obejct_ListTableAdapter">
<summary>
Represents the connection and commands used to retrieve and save data.
</summary>
</member>
<member name="T:WindowsApplication1.MiliconObjectList_DataSetTableAdapters.TableAdapterManager">
<summary>
TableAdapterManager is used to coordinate TableAdapters in the dataset to enable Hierarchical Update scenarios
</summary>
</member>
<member name="M:WindowsApplication1.MiliconObjectList_DataSetTableAdapters.TableAdapterManager.UpdateUpdatedRows(WindowsApplication1.MiliconObjectList_DataSet,System.Collections.Generic.List{System.Data.DataRow},System.Collections.Generic.List{System.Data.DataRow})">
<summary>
Update rows in top-down order.
</summary>
</member>
<member name="M:WindowsApplication1.MiliconObjectList_DataSetTableAdapters.TableAdapterManager.UpdateInsertedRows(WindowsApplication1.MiliconObjectList_DataSet,System.Collections.Generic.List{System.Data.DataRow})">
<summary>
Insert rows in top-down order.
</summary>
</member>
<member name="M:WindowsApplication1.MiliconObjectList_DataSetTableAdapters.TableAdapterManager.UpdateDeletedRows(WindowsApplication1.MiliconObjectList_DataSet,System.Collections.Generic.List{System.Data.DataRow})">
<summary>
Delete rows in bottom-up order.
</summary>
</member>
<member name="M:WindowsApplication1.MiliconObjectList_DataSetTableAdapters.TableAdapterManager.GetRealUpdatedRows(System.Data.DataRow[],System.Collections.Generic.List{System.Data.DataRow})">
<summary>
Remove inserted rows that become updated rows after calling TableAdapter.Update(inserted rows) first
</summary>
</member>
<member name="M:WindowsApplication1.MiliconObjectList_DataSetTableAdapters.TableAdapterManager.UpdateAll(WindowsApplication1.MiliconObjectList_DataSet)">
<summary>
Update all changes to the dataset.
</summary>
</member>
<member name="T:WindowsApplication1.MiliconObjectList_DataSetTableAdapters.TableAdapterManager.UpdateOrderOption">
<summary>
Update Order Option
</summary>
</member>
<member name="T:WindowsApplication1.MiliconObjectList_DataSetTableAdapters.TableAdapterManager.SelfReferenceComparer">
<summary>
Used to sort self-referenced table's rows
</summary>
</member>
<member name="T:WindowsApplication1.TestObjectName_DataSet">
<summary>
Represents a strongly typed in-memory cache of data.
</summary>
</member>
<member name="T:WindowsApplication1.TestObjectName_DataSet.Obejct_ListDataTable">
<summary>
Represents the strongly named DataTable class.
</summary>
</member>
<member name="T:WindowsApplication1.TestObjectName_DataSet.Obejct_ListRow">
<summary>
Represents strongly named DataRow class.
</summary>
</member>
<member name="T:WindowsApplication1.TestObjectName_DataSet.Obejct_ListRowChangeEvent">
<summary>
Row event argument class
</summary>
</member>
<member name="T:WindowsApplication1.TestObjectName_DataSetTableAdapters.Obejct_ListTableAdapter">
<summary>
Represents the connection and commands used to retrieve and save data.
</summary>
</member>
<member name="T:WindowsApplication1.TestObjectName_DataSetTableAdapters.TableAdapterManager">
<summary>
TableAdapterManager is used to coordinate TableAdapters in the dataset to enable Hierarchical Update scenarios
</summary>
</member>
<member name="M:WindowsApplication1.TestObjectName_DataSetTableAdapters.TableAdapterManager.UpdateUpdatedRows(WindowsApplication1.TestObjectName_DataSet,System.Collections.Generic.List{System.Data.DataRow},System.Collections.Generic.List{System.Data.DataRow})">
<summary>
Update rows in top-down order.
</summary>
</member>
<member name="M:WindowsApplication1.TestObjectName_DataSetTableAdapters.TableAdapterManager.UpdateInsertedRows(WindowsApplication1.TestObjectName_DataSet,System.Collections.Generic.List{System.Data.DataRow})">
<summary>
Insert rows in top-down order.
</summary>
</member>
<member name="M:WindowsApplication1.TestObjectName_DataSetTableAdapters.TableAdapterManager.UpdateDeletedRows(WindowsApplication1.TestObjectName_DataSet,System.Collections.Generic.List{System.Data.DataRow})">
<summary>
Delete rows in bottom-up order.
</summary>
</member>
<member name="M:WindowsApplication1.TestObjectName_DataSetTableAdapters.TableAdapterManager.GetRealUpdatedRows(System.Data.DataRow[],System.Collections.Generic.List{System.Data.DataRow})">
<summary>
Remove inserted rows that become updated rows after calling TableAdapter.Update(inserted rows) first
</summary>
</member>
<member name="M:WindowsApplication1.TestObjectName_DataSetTableAdapters.TableAdapterManager.UpdateAll(WindowsApplication1.TestObjectName_DataSet)">
<summary>
Update all changes to the dataset.
</summary>
</member>
<member name="T:WindowsApplication1.TestObjectName_DataSetTableAdapters.TableAdapterManager.UpdateOrderOption">
<summary>
Update Order Option
</summary>
</member>
<member name="T:WindowsApplication1.TestObjectName_DataSetTableAdapters.TableAdapterManager.SelfReferenceComparer">
<summary>
Used to sort self-referenced table's rows
</summary>
</member>
</members>
</doc>
